trading_session_uuid,transaction_id,bid_order_id,ask_order_id,bid_trader_uuid,bid_trader_type,ask_trader_uuid,ask_trader_type,quantity,price,timestamp,transaction_json,created_ts
bc96160b-a753-413d-b47b-cf072bdd6b94,93fe17dc-80b7-4ace-948b-6693898049b5,ba647d77-31d9-49aa-b046-a965e7581202,f2a1c056-91ce-4ae4-be01-8d004d4a0df2,46d0b9d0-33dc-4ad8-834a-587c19744e8d,,46d0b9d0-33dc-4ad8-834a-587c19744e8d,,1.0,44.0,2026-02-16T22:43:18.806293+00:00,"{""ask_order_id"": ""f2a1c056-91ce-4ae4-be01-8d004d4a0df2"", ""ask_trader_uuid"": ""46d0b9d0-33dc-4ad8-834a-587c19744e8d"", ""bid_order_id"": ""ba647d77-31d9-49aa-b046-a965e7581202"", ""bid_trader_uuid"": ""46d0b9d0-33dc-4ad8-834a-587c19744e8d"", ""id"": ""93fe17dc-80b7-4ace-948b-6693898049b5"", ""price"": 44.0, ""quantity"": 1.0, ""timestamp"": ""2026-02-16 22:43:18.806293+00:00"", ""trading_session_id"": ""bc96160b-a753-413d-b47b-cf072bdd6b94""}",1771281798.812304
bc96160b-a753-413d-b47b-cf072bdd6b94,56dc028b-b698-4c03-b6a7-c1b165cf395d,3d59b15d-8518-4a90-81bd-6fa0071e8f49,e0f18775-2524-4477-a53e-b1e3f43b41fa,46d0b9d0-33dc-4ad8-834a-587c19744e8d,,46d0b9d0-33dc-4ad8-834a-587c19744e8d,,1.0,43.0,2026-02-16T22:43:21.999555+00:00,"{""ask_order_id"": ""e0f18775-2524-4477-a53e-b1e3f43b41fa"", ""ask_trader_uuid"": ""46d0b9d0-33dc-4ad8-834a-587c19744e8d"", ""bid_order_id"": ""3d59b15d-8518-4a90-81bd-6fa0071e8f49"", ""bid_trader_uuid"": ""46d0b9d0-33dc-4ad8-834a-587c19744e8d"", ""id"": ""56dc028b-b698-4c03-b6a7-c1b165cf395d"", ""price"": 43.0, ""quantity"": 1.0, ""timestamp"": ""2026-02-16 22:43:21.999555+00:00"", ""trading_session_id"": ""bc96160b-a753-413d-b47b-cf072bdd6b94""}",1771281802.003073
bc96160b-a753-413d-b47b-cf072bdd6b94,1aa97342-22b8-4d7b-b953-b464cd1e69d0,d2b744b4-b8e2-4222-90b0-9ffbad5fff90,ad362ea2-0710-43c2-8c94-e5dcc1010f31,46d0b9d0-33dc-4ad8-834a-587c19744e8d,,46d0b9d0-33dc-4ad8-834a-587c19744e8d,,1.0,60.0,2026-02-16T22:43:30.015166+00:00,"{""ask_order_id"": ""ad362ea2-0710-43c2-8c94-e5dcc1010f31"", ""ask_trader_uuid"": ""46d0b9d0-33dc-4ad8-834a-587c19744e8d"", ""bid_order_id"": ""d2b744b4-b8e2-4222-90b0-9ffbad5fff90"", ""bid_trader_uuid"": ""46d0b9d0-33dc-4ad8-834a-587c19744e8d"", ""id"": ""1aa97342-22b8-4d7b-b953-b464cd1e69d0"", ""price"": 60.0, ""quantity"": 1.0, ""timestamp"": ""2026-02-16 22:43:30.015166+00:00"", ""trading_session_id"": ""bc96160b-a753-413d-b47b-cf072bdd6b94""}",1771281810.019431
bc96160b-a753-413d-b47b-cf072bdd6b94,54c8c82b-90f9-4173-b376-b1d003d51e8e,be0c566b-fd4f-409d-954a-c15bc4c90890,7b859585-34bf-4eca-b785-37213f4a89c0,46d0b9d0-33dc-4ad8-834a-587c19744e8d,,46d0b9d0-33dc-4ad8-834a-587c19744e8d,,1.0,61.0,2026-02-16T22:43:33.793845+00:00,"{""ask_order_id"": ""7b859585-34bf-4eca-b785-37213f4a89c0"", ""ask_trader_uuid"": ""46d0b9d0-33dc-4ad8-834a-587c19744e8d"", ""bid_order_id"": ""be0c566b-fd4f-409d-954a-c15bc4c90890"", ""bid_trader_uuid"": ""46d0b9d0-33dc-4ad8-834a-587c19744e8d"", ""id"": ""54c8c82b-90f9-4173-b376-b1d003d51e8e"", ""price"": 61.0, ""quantity"": 1.0, ""timestamp"": ""2026-02-16 22:43:33.793845+00:00"", ""trading_session_id"": ""bc96160b-a753-413d-b47b-cf072bdd6b94""}",1771281813.797174
bc96160b-a753-413d-b47b-cf072bdd6b94,6ebd870f-18e3-48bf-a4d4-936f4bdde8ac,6d24672a-452e-462e-bc81-d8d9c51a0223,c78c4dff-1fde-4f5f-87a8-999b41da76a6,46d0b9d0-33dc-4ad8-834a-587c19744e8d,,46d0b9d0-33dc-4ad8-834a-587c19744e8d,,1.0,61.0,2026-02-16T22:43:36.159349+00:00,"{""ask_order_id"": ""c78c4dff-1fde-4f5f-87a8-999b41da76a6"", ""ask_trader_uuid"": ""46d0b9d0-33dc-4ad8-834a-587c19744e8d"", ""bid_order_id"": ""6d24672a-452e-462e-bc81-d8d9c51a0223"", ""bid_trader_uuid"": ""46d0b9d0-33dc-4ad8-834a-587c19744e8d"", ""id"": ""6ebd870f-18e3-48bf-a4d4-936f4bdde8ac"", ""price"": 61.0, ""quantity"": 1.0, ""timestamp"": ""2026-02-16 22:43:36.159349+00:00"", ""trading_session_id"": ""bc96160b-a753-413d-b47b-cf072bdd6b94""}",1771281816.162921
20ce9b67-b549-4136-b8d2-451ac12f4c6e,17d326f9-48c8-46ca-b52e-dee074e9a3e5,1cad1250-de17-4ce5-a765-03af18822e7c,df61d44f-92ed-47fb-b62e-cb72d042b0d4,371c5d88-aa0b-448d-94bc-1d7355ed4882,NOISE,371c5d88-aa0b-448d-94bc-1d7355ed4882,NOISE,1.0,105.0,2026-02-16T22:43:41.500924+00:00,"{""ask_order_id"": ""df61d44f-92ed-47fb-b62e-cb72d042b0d4"", ""ask_trader_uuid"": ""371c5d88-aa0b-448d-94bc-1d7355ed4882"", ""bid_order_id"": ""1cad1250-de17-4ce5-a765-03af18822e7c"", ""bid_trader_uuid"": ""371c5d88-aa0b-448d-94bc-1d7355ed4882"", ""id"": ""17d326f9-48c8-46ca-b52e-dee074e9a3e5"", ""price"": 105.0, ""quantity"": 1.0, ""timestamp"": ""2026-02-16 22:43:41.500924+00:00"", ""trading_session_id"": ""20ce9b67-b549-4136-b8d2-451ac12f4c6e""}",1771281821.508616
20ce9b67-b549-4136-b8d2-451ac12f4c6e,1f3da837-827d-431a-aee8-b57086cb9656,3a957ade-1d26-403c-a8aa-ea8cc46af29f,2f742594-e86f-4771-88d0-b1b609cce153,371c5d88-aa0b-448d-94bc-1d7355ed4882,NOISE,371c5d88-aa0b-448d-94bc-1d7355ed4882,NOISE,1.0,105.0,2026-02-16T22:43:42.525342+00:00,"{""ask_order_id"": ""2f742594-e86f-4771-88d0-b1b609cce153"", ""ask_trader_uuid"": ""371c5d88-aa0b-448d-94bc-1d7355ed4882"", ""bid_order_id"": ""3a957ade-1d26-403c-a8aa-ea8cc46af29f"", ""bid_trader_uuid"": ""371c5d88-aa0b-448d-94bc-1d7355ed4882"", ""id"": ""1f3da837-827d-431a-aee8-b57086cb9656"", ""price"": 105.0, ""quantity"": 1.0, ""timestamp"": ""2026-02-16 22:43:42.525342+00:00"", ""trading_session_id"": ""20ce9b67-b549-4136-b8d2-451ac12f4c6e""}",1771281822.529124
20ce9b67-b549-4136-b8d2-451ac12f4c6e,619bf283-eabf-4427-bebb-5d28d2e734d2,edaf76b8-c767-44b8-810d-ac5920294a16,20d7cdee-75bd-40de-9063-afa316960de6,371c5d88-aa0b-448d-94bc-1d7355ed4882,NOISE,371c5d88-aa0b-448d-94bc-1d7355ed4882,NOISE,1.0,95.0,2026-02-16T22:43:47.922542+00:00,"{""ask_order_id"": ""20d7cdee-75bd-40de-9063-afa316960de6"", ""ask_trader_uuid"": ""371c5d88-aa0b-448d-94bc-1d7355ed4882"", ""bid_order_id"": ""edaf76b8-c767-44b8-810d-ac5920294a16"", ""bid_trader_uuid"": ""371c5d88-aa0b-448d-94bc-1d7355ed4882"", ""id"": ""619bf283-eabf-4427-bebb-5d28d2e734d2"", ""price"": 95.0, ""quantity"": 1.0, ""timestamp"": ""2026-02-16 22:43:47.922542+00:00"", ""trading_session_id"": ""20ce9b67-b549-4136-b8d2-451ac12f4c6e""}",1771281827.926391
20ce9b67-b549-4136-b8d2-451ac12f4c6e,6c14e967-a364-4287-95f5-e8fb3c32052a,37ebe028-9997-4f08-9500-aa999999b6e3,b16fbd5a-e780-435b-86ff-fe8b7ba57546,371c5d88-aa0b-448d-94bc-1d7355ed4882,NOISE,371c5d88-aa0b-448d-94bc-1d7355ed4882,NOISE,1.0,93.0,2026-02-16T22:43:49.791317+00:00,"{""ask_order_id"": ""b16fbd5a-e780-435b-86ff-fe8b7ba57546"", ""ask_trader_uuid"": ""371c5d88-aa0b-448d-94bc-1d7355ed4882"", ""bid_order_id"": ""37ebe028-9997-4f08-9500-aa999999b6e3"", ""bid_trader_uuid"": ""371c5d88-aa0b-448d-94bc-1d7355ed4882"", ""id"": ""6c14e967-a364-4287-95f5-e8fb3c32052a"", ""price"": 93.0, ""quantity"": 1.0, ""timestamp"": ""2026-02-16 22:43:49.791317+00:00"", ""trading_session_id"": ""20ce9b67-b549-4136-b8d2-451ac12f4c6e""}",1771281829.795455
20ce9b67-b549-4136-b8d2-451ac12f4c6e,6f226f7d-303c-413b-a04b-73f966b88710,53a44f4e-e16a-4805-8eba-2c8a83fad94d,32196ec1-3a06-4639-8a96-2dfc559d4199,371c5d88-aa0b-448d-94bc-1d7355ed4882,NOISE,371c5d88-aa0b-448d-94bc-1d7355ed4882,NOISE,1.0,88.0,2026-02-16T22:44:07.199641+00:00,"{""ask_order_id"": ""32196ec1-3a06-4639-8a96-2dfc559d4199"", ""ask_trader_uuid"": ""371c5d88-aa0b-448d-94bc-1d7355ed4882"", ""bid_order_id"": ""53a44f4e-e16a-4805-8eba-2c8a83fad94d"", ""bid_trader_uuid"": ""371c5d88-aa0b-448d-94bc-1d7355ed4882"", ""id"": ""6f226f7d-303c-413b-a04b-73f966b88710"", ""price"": 88.0, ""quantity"": 1.0, ""timestamp"": ""2026-02-16 22:44:07.199641+00:00"", ""trading_session_id"": ""20ce9b67-b549-4136-b8d2-451ac12f4c6e""}",1771281847.204855
20ce9b67-b549-4136-b8d2-451ac12f4c6e,67efede5-3156-4209-b7f6-e381dad0c2e3,cc1f1da3-7e87-4df1-ac32-4919cc8cd8cd,31cb7a33-bc24-485d-a0f2-16a9b167fc50,371c5d88-aa0b-448d-94bc-1d7355ed4882,NOISE,371c5d88-aa0b-448d-94bc-1d7355ed4882,NOISE,1.0,82.0,2026-02-16T22:44:08.100025+00:00,"{""ask_order_id"": ""31cb7a33-bc24-485d-a0f2-16a9b167fc50"", ""ask_trader_uuid"": ""371c5d88-aa0b-448d-94bc-1d7355ed4882"", ""bid_order_id"": ""cc1f1da3-7e87-4df1-ac32-4919cc8cd8cd"", ""bid_trader_uuid"": ""371c5d88-aa0b-448d-94bc-1d7355ed4882"", ""id"": ""67efede5-3156-4209-b7f6-e381dad0c2e3"", ""price"": 82.0, ""quantity"": 1.0, ""timestamp"": ""2026-02-16 22:44:08.100025+00:00"", ""trading_session_id"": ""20ce9b67-b549-4136-b8d2-451ac12f4c6e""}",1771281848.103887
20ce9b67-b549-4136-b8d2-451ac12f4c6e,b04622bb-c471-49d0-812d-9367225ca9be,5d250c18-753d-497f-aeab-f63447e2d0da,52d776bd-5bc9-4026-8f31-8eca9f09d767,371c5d88-aa0b-448d-94bc-1d7355ed4882,NOISE,371c5d88-aa0b-448d-94bc-1d7355ed4882,NOISE,1.0,81.0,2026-02-16T22:44:12.125988+00:00,"{""ask_order_id"": ""52d776bd-5bc9-4026-8f31-8eca9f09d767"", ""ask_trader_uuid"": ""371c5d88-aa0b-448d-94bc-1d7355ed4882"", ""bid_order_id"": ""5d250c18-753d-497f-aeab-f63447e2d0da"", ""bid_trader_uuid"": ""371c5d88-aa0b-448d-94bc-1d7355ed4882"", ""id"": ""b04622bb-c471-49d0-812d-9367225ca9be"", ""price"": 81.0, ""quantity"": 1.0, ""timestamp"": ""2026-02-16 22:44:12.125988+00:00"", ""trading_session_id"": ""20ce9b67-b549-4136-b8d2-451ac12f4c6e""}",1771281852.129536
20ce9b67-b549-4136-b8d2-451ac12f4c6e,9d7afeac-277b-4499-8fa0-4d26e18b546a,570954cb-0f68-42b8-9322-fa46ec480bc9,9d356f3e-6dd7-4867-84c5-5deaace17ea2,371c5d88-aa0b-448d-94bc-1d7355ed4882,NOISE,371c5d88-aa0b-448d-94bc-1d7355ed4882,NOISE,1.0,81.0,2026-02-16T22:44:16.142711+00:00,"{""ask_order_id"": ""9d356f3e-6dd7-4867-84c5-5deaace17ea2"", ""ask_trader_uuid"": ""371c5d88-aa0b-448d-94bc-1d7355ed4882"", ""bid_order_id"": ""570954cb-0f68-42b8-9322-fa46ec480bc9"", ""bid_trader_uuid"": ""371c5d88-aa0b-448d-94bc-1d7355ed4882"", ""id"": ""9d7afeac-277b-4499-8fa0-4d26e18b546a"", ""price"": 81.0, ""quantity"": 1.0, ""timestamp"": ""2026-02-16 22:44:16.142711+00:00"", ""trading_session_id"": ""20ce9b67-b549-4136-b8d2-451ac12f4c6e""}",1771281856.149708
20ce9b67-b549-4136-b8d2-451ac12f4c6e,9bb3b857-6673-4686-a6d7-d6196f5c78be,dfda84bd-3713-4b62-931a-4225bd66186a,c8d1cd59-ecf3-4bf5-a0ef-8c8229467f91,371c5d88-aa0b-448d-94bc-1d7355ed4882,NOISE,371c5d88-aa0b-448d-94bc-1d7355ed4882,NOISE,1.0,95.0,2026-02-16T22:44:26.763407+00:00,"{""ask_order_id"": ""c8d1cd59-ecf3-4bf5-a0ef-8c8229467f91"", ""ask_trader_uuid"": ""371c5d88-aa0b-448d-94bc-1d7355ed4882"", ""bid_order_id"": ""dfda84bd-3713-4b62-931a-4225bd66186a"", ""bid_trader_uuid"": ""371c5d88-aa0b-448d-94bc-1d7355ed4882"", ""id"": ""9bb3b857-6673-4686-a6d7-d6196f5c78be"", ""price"": 95.0, ""quantity"": 1.0, ""timestamp"": ""2026-02-16 22:44:26.763407+00:00"", ""trading_session_id"": ""20ce9b67-b549-4136-b8d2-451ac12f4c6e""}",1771281866.769845
20ce9b67-b549-4136-b8d2-451ac12f4c6e,16ee3d1b-de3b-41ea-8612-724ffb605087,1769cb88-602f-472f-8919-5b768710d24c,9971711a-2a22-4578-9dbf-cbb81e5bda8b,371c5d88-aa0b-448d-94bc-1d7355ed4882,NOISE,371c5d88-aa0b-448d-94bc-1d7355ed4882,NOISE,1.0,105.0,2026-02-16T22:44:27.981931+00:00,"{""ask_order_id"": ""9971711a-2a22-4578-9dbf-cbb81e5bda8b"", ""ask_trader_uuid"": ""371c5d88-aa0b-448d-94bc-1d7355ed4882"", ""bid_order_id"": ""1769cb88-602f-472f-8919-5b768710d24c"", ""bid_trader_uuid"": ""371c5d88-aa0b-448d-94bc-1d7355ed4882"", ""id"": ""16ee3d1b-de3b-41ea-8612-724ffb605087"", ""price"": 105.0, ""quantity"": 1.0, ""timestamp"": ""2026-02-16 22:44:27.981931+00:00"", ""trading_session_id"": ""20ce9b67-b549-4136-b8d2-451ac12f4c6e""}",1771281867.985507
20ce9b67-b549-4136-b8d2-451ac12f4c6e,80f06af3-9548-4ff0-b235-a608f72b7aa7,7fa67d13-b4d0-481d-807c-02aae4c3cd6a,9c365bc5-cf23-4173-bf3c-b26ed1a68524,371c5d88-aa0b-448d-94bc-1d7355ed4882,NOISE,371c5d88-aa0b-448d-94bc-1d7355ed4882,NOISE,1.0,95.0,2026-02-16T22:44:30.584970+00:00,"{""ask_order_id"": ""9c365bc5-cf23-4173-bf3c-b26ed1a68524"", ""ask_trader_uuid"": ""371c5d88-aa0b-448d-94bc-1d7355ed4882"", ""bid_order_id"": ""7fa67d13-b4d0-481d-807c-02aae4c3cd6a"", ""bid_trader_uuid"": ""371c5d88-aa0b-448d-94bc-1d7355ed4882"", ""id"": ""80f06af3-9548-4ff0-b235-a608f72b7aa7"", ""price"": 95.0, ""quantity"": 1.0, ""timestamp"": ""2026-02-16 22:44:30.584970+00:00"", ""trading_session_id"": ""20ce9b67-b549-4136-b8d2-451ac12f4c6e""}",1771281870.58847
20ce9b67-b549-4136-b8d2-451ac12f4c6e,7271f056-6d9c-4bea-87c4-792bfe8c33f2,9809a8df-6f28-42c6-b49b-4afd81054ed2,ffb21803-4763-4260-aa14-a9e4434081f9,371c5d88-aa0b-448d-94bc-1d7355ed4882,NOISE,371c5d88-aa0b-448d-94bc-1d7355ed4882,NOISE,1.0,105.0,2026-02-16T22:44:43.046747+00:00,"{""ask_order_id"": ""ffb21803-4763-4260-aa14-a9e4434081f9"", ""ask_trader_uuid"": ""371c5d88-aa0b-448d-94bc-1d7355ed4882"", ""bid_order_id"": ""9809a8df-6f28-42c6-b49b-4afd81054ed2"", ""bid_trader_uuid"": ""371c5d88-aa0b-448d-94bc-1d7355ed4882"", ""id"": ""7271f056-6d9c-4bea-87c4-792bfe8c33f2"", ""price"": 105.0, ""quantity"": 1.0, ""timestamp"": ""2026-02-16 22:44:43.046747+00:00"", ""trading_session_id"": ""20ce9b67-b549-4136-b8d2-451ac12f4c6e""}",1771281883.050447
20ce9b67-b549-4136-b8d2-451ac12f4c6e,508627dd-1511-4ff6-b39d-c67c7600b90e,089f6df8-e00d-4f28-88ed-49a65161e186,3a6a6cb4-b344-43d6-961f-03ad243ce35a,371c5d88-aa0b-448d-94bc-1d7355ed4882,NOISE,371c5d88-aa0b-448d-94bc-1d7355ed4882,NOISE,1.0,95.0,2026-02-16T22:44:44.485965+00:00,"{""ask_order_id"": ""3a6a6cb4-b344-43d6-961f-03ad243ce35a"", ""ask_trader_uuid"": ""371c5d88-aa0b-448d-94bc-1d7355ed4882"", ""bid_order_id"": ""089f6df8-e00d-4f28-88ed-49a65161e186"", ""bid_trader_uuid"": ""371c5d88-aa0b-448d-94bc-1d7355ed4882"", ""id"": ""508627dd-1511-4ff6-b39d-c67c7600b90e"", ""price"": 95.0, ""quantity"": 1.0, ""timestamp"": ""2026-02-16 22:44:44.485965+00:00"", ""trading_session_id"": ""20ce9b67-b549-4136-b8d2-451ac12f4c6e""}",1771281884.493071
20ce9b67-b549-4136-b8d2-451ac12f4c6e,8fdfaa72-6670-4eab-a8f0-feb37ef057d9,1a374ed5-4dda-4c3c-9f4a-ecc235a1b710,49bbbfcb-3a93-451b-bf68-0192e3235a93,371c5d88-aa0b-448d-94bc-1d7355ed4882,NOISE,371c5d88-aa0b-448d-94bc-1d7355ed4882,NOISE,1.0,105.0,2026-02-16T22:45:01.118480+00:00,"{""ask_order_id"": ""49bbbfcb-3a93-451b-bf68-0192e3235a93"", ""ask_trader_uuid"": ""371c5d88-aa0b-448d-94bc-1d7355ed4882"", ""bid_order_id"": ""1a374ed5-4dda-4c3c-9f4a-ecc235a1b710"", ""bid_trader_uuid"": ""371c5d88-aa0b-448d-94bc-1d7355ed4882"", ""id"": ""8fdfaa72-6670-4eab-a8f0-feb37ef057d9"", ""price"": 105.0, ""quantity"": 1.0, ""timestamp"": ""2026-02-16 22:45:01.118480+00:00"", ""trading_session_id"": ""20ce9b67-b549-4136-b8d2-451ac12f4c6e""}",1771281901.122063
20ce9b67-b549-4136-b8d2-451ac12f4c6e,d1ab4f08-0d31-4f82-b3b6-bc3ca889ec03,08cd964a-0156-4727-a5e3-2b268932f5d4,5ec02d68-0571-401b-81e6-60b355865dff,371c5d88-aa0b-448d-94bc-1d7355ed4882,NOISE,371c5d88-aa0b-448d-94bc-1d7355ed4882,NOISE,1.0,95.0,2026-02-16T22:45:01.756661+00:00,"{""ask_order_id"": ""5ec02d68-0571-401b-81e6-60b355865dff"", ""ask_trader_uuid"": ""371c5d88-aa0b-448d-94bc-1d7355ed4882"", ""bid_order_id"": ""08cd964a-0156-4727-a5e3-2b268932f5d4"", ""bid_trader_uuid"": ""371c5d88-aa0b-448d-94bc-1d7355ed4882"", ""id"": ""d1ab4f08-0d31-4f82-b3b6-bc3ca889ec03"", ""price"": 95.0, ""quantity"": 1.0, ""timestamp"": ""2026-02-16 22:45:01.756661+00:00"", ""trading_session_id"": ""20ce9b67-b549-4136-b8d2-451ac12f4c6e""}",1771281901.760403
20ce9b67-b549-4136-b8d2-451ac12f4c6e,8efe2270-548d-4e08-acb7-b4b45f8bab41,d9e9bf8c-d735-45b2-b776-a00b1d649400,987d4972-4b9f-4b4d-bfc8-5576b643398a,371c5d88-aa0b-448d-94bc-1d7355ed4882,NOISE,371c5d88-aa0b-448d-94bc-1d7355ed4882,NOISE,1.0,92.0,2026-02-16T22:45:10.645899+00:00,"{""ask_order_id"": ""987d4972-4b9f-4b4d-bfc8-5576b643398a"", ""ask_trader_uuid"": ""371c5d88-aa0b-448d-94bc-1d7355ed4882"", ""bid_order_id"": ""d9e9bf8c-d735-45b2-b776-a00b1d649400"", ""bid_trader_uuid"": ""371c5d88-aa0b-448d-94bc-1d7355ed4882"", ""id"": ""8efe2270-548d-4e08-acb7-b4b45f8bab41"", ""price"": 92.0, ""quantity"": 1.0, ""timestamp"": ""2026-02-16 22:45:10.645899+00:00"", ""trading_session_id"": ""20ce9b67-b549-4136-b8d2-451ac12f4c6e""}",1771281910.656816
20ce9b67-b549-4136-b8d2-451ac12f4c6e,5e4cfb67-9e41-4188-8235-d1b6f7df8992,c7402d17-c3b4-40cf-b0b9-823a796862e2,e23412c9-595b-4af4-86c4-c90e24ade71f,371c5d88-aa0b-448d-94bc-1d7355ed4882,NOISE,371c5d88-aa0b-448d-94bc-1d7355ed4882,NOISE,1.0,90.0,2026-02-16T22:45:12.148731+00:00,"{""ask_order_id"": ""e23412c9-595b-4af4-86c4-c90e24ade71f"", ""ask_trader_uuid"": ""371c5d88-aa0b-448d-94bc-1d7355ed4882"", ""bid_order_id"": ""c7402d17-c3b4-40cf-b0b9-823a796862e2"", ""bid_trader_uuid"": ""371c5d88-aa0b-448d-94bc-1d7355ed4882"", ""id"": ""5e4cfb67-9e41-4188-8235-d1b6f7df8992"", ""price"": 90.0, ""quantity"": 1.0, ""timestamp"": ""2026-02-16 22:45:12.148731+00:00"", ""trading_session_id"": ""20ce9b67-b549-4136-b8d2-451ac12f4c6e""}",1771281912.152413
20ce9b67-b549-4136-b8d2-451ac12f4c6e,5f4f3839-466a-48bc-8c2f-6b7a7556d209,479807d1-7536-4881-b6ca-75a4f39972f6,040473a0-ca9e-463e-9f48-bbddf5523bef,371c5d88-aa0b-448d-94bc-1d7355ed4882,NOISE,371c5d88-aa0b-448d-94bc-1d7355ed4882,NOISE,1.0,95.0,2026-02-16T22:45:29.745221+00:00,"{""ask_order_id"": ""040473a0-ca9e-463e-9f48-bbddf5523bef"", ""ask_trader_uuid"": ""371c5d88-aa0b-448d-94bc-1d7355ed4882"", ""bid_order_id"": ""479807d1-7536-4881-b6ca-75a4f39972f6"", ""bid_trader_uuid"": ""371c5d88-aa0b-448d-94bc-1d7355ed4882"", ""id"": ""5f4f3839-466a-48bc-8c2f-6b7a7556d209"", ""price"": 95.0, ""quantity"": 1.0, ""timestamp"": ""2026-02-16 22:45:29.745221+00:00"", ""trading_session_id"": ""20ce9b67-b549-4136-b8d2-451ac12f4c6e""}",1771281929.749632
20ce9b67-b549-4136-b8d2-451ac12f4c6e,9027f26d-a3e4-4210-b1e5-93b4bca1d9ae,9d93a269-3132-4be9-9a1c-930e27f555c8,e0dff0ce-1e50-4a61-ab38-14a1948340b0,371c5d88-aa0b-448d-94bc-1d7355ed4882,NOISE,371c5d88-aa0b-448d-94bc-1d7355ed4882,NOISE,1.0,105.0,2026-02-16T22:45:33.676368+00:00,"{""ask_order_id"": ""e0dff0ce-1e50-4a61-ab38-14a1948340b0"", ""ask_trader_uuid"": ""371c5d88-aa0b-448d-94bc-1d7355ed4882"", ""bid_order_id"": ""9d93a269-3132-4be9-9a1c-930e27f555c8"", ""bid_trader_uuid"": ""371c5d88-aa0b-448d-94bc-1d7355ed4882"", ""id"": ""9027f26d-a3e4-4210-b1e5-93b4bca1d9ae"", ""price"": 105.0, ""quantity"": 1.0, ""timestamp"": ""2026-02-16 22:45:33.676368+00:00"", ""trading_session_id"": ""20ce9b67-b549-4136-b8d2-451ac12f4c6e""}",1771281933.679921
20ce9b67-b549-4136-b8d2-451ac12f4c6e,ee4c0df6-4096-41a0-b8e0-ef954ef1c642,10ee8467-ce40-44e1-a258-befe34392c00,b7277bfb-4195-40ef-a2e0-4eb9da3ea852,371c5d88-aa0b-448d-94bc-1d7355ed4882,NOISE,371c5d88-aa0b-448d-94bc-1d7355ed4882,NOISE,1.0,106.0,2026-02-16T22:45:38.679353+00:00,"{""ask_order_id"": ""b7277bfb-4195-40ef-a2e0-4eb9da3ea852"", ""ask_trader_uuid"": ""371c5d88-aa0b-448d-94bc-1d7355ed4882"", ""bid_order_id"": ""10ee8467-ce40-44e1-a258-befe34392c00"", ""bid_trader_uuid"": ""371c5d88-aa0b-448d-94bc-1d7355ed4882"", ""id"": ""ee4c0df6-4096-41a0-b8e0-ef954ef1c642"", ""price"": 106.0, ""quantity"": 1.0, ""timestamp"": ""2026-02-16 22:45:38.679353+00:00"", ""trading_session_id"": ""20ce9b67-b549-4136-b8d2-451ac12f4c6e""}",1771281938.6889
20ce9b67-b549-4136-b8d2-451ac12f4c6e,855a2a0e-42a2-4a39-aef2-133954b51c0c,500428f5-cc0c-4d69-a90a-784a0231fbae,b51b528a-81a8-4c36-a02d-086e5d42aee2,371c5d88-aa0b-448d-94bc-1d7355ed4882,NOISE,371c5d88-aa0b-448d-94bc-1d7355ed4882,NOISE,1.0,106.0,2026-02-16T22:45:40.098235+00:00,"{""ask_order_id"": ""b51b528a-81a8-4c36-a02d-086e5d42aee2"", ""ask_trader_uuid"": ""371c5d88-aa0b-448d-94bc-1d7355ed4882"", ""bid_order_id"": ""500428f5-cc0c-4d69-a90a-784a0231fbae"", ""bid_trader_uuid"": ""371c5d88-aa0b-448d-94bc-1d7355ed4882"", ""id"": ""855a2a0e-42a2-4a39-aef2-133954b51c0c"", ""price"": 106.0, ""quantity"": 1.0, ""timestamp"": ""2026-02-16 22:45:40.098235+00:00"", ""trading_session_id"": ""20ce9b67-b549-4136-b8d2-451ac12f4c6e""}",1771281940.10171
20ce9b67-b549-4136-b8d2-451ac12f4c6e,28f18e65-65c9-453c-a6fe-2e45e3c9ae7b,73363964-7470-423e-938b-177d6c4036e0,a894fb50-ca8c-442b-9f2f-47fd32161809,371c5d88-aa0b-448d-94bc-1d7355ed4882,NOISE,371c5d88-aa0b-448d-94bc-1d7355ed4882,NOISE,1.0,92.0,2026-02-16T22:46:01.630427+00:00,"{""ask_order_id"": ""a894fb50-ca8c-442b-9f2f-47fd32161809"", ""ask_trader_uuid"": ""371c5d88-aa0b-448d-94bc-1d7355ed4882"", ""bid_order_id"": ""73363964-7470-423e-938b-177d6c4036e0"", ""bid_trader_uuid"": ""371c5d88-aa0b-448d-94bc-1d7355ed4882"", ""id"": ""28f18e65-65c9-453c-a6fe-2e45e3c9ae7b"", ""price"": 92.0, ""quantity"": 1.0, ""timestamp"": ""2026-02-16 22:46:01.630427+00:00"", ""trading_session_id"": ""20ce9b67-b549-4136-b8d2-451ac12f4c6e""}",1771281961.63393
20ce9b67-b549-4136-b8d2-451ac12f4c6e,eb47cb3c-fba2-4499-ba2c-d80759cbe685,71f63074-e200-425e-9992-53f859c6c31e,fb23d26c-8e23-4883-955d-41e0b540d501,371c5d88-aa0b-448d-94bc-1d7355ed4882,NOISE,371c5d88-aa0b-448d-94bc-1d7355ed4882,NOISE,1.0,92.0,2026-02-16T22:46:05.323449+00:00,"{""ask_order_id"": ""fb23d26c-8e23-4883-955d-41e0b540d501"", ""ask_trader_uuid"": ""371c5d88-aa0b-448d-94bc-1d7355ed4882"", ""bid_order_id"": ""71f63074-e200-425e-9992-53f859c6c31e"", ""bid_trader_uuid"": ""371c5d88-aa0b-448d-94bc-1d7355ed4882"", ""id"": ""eb47cb3c-fba2-4499-ba2c-d80759cbe685"", ""price"": 92.0, ""quantity"": 1.0, ""timestamp"": ""2026-02-16 22:46:05.323449+00:00"", ""trading_session_id"": ""20ce9b67-b549-4136-b8d2-451ac12f4c6e""}",1771281965.327347
20ce9b67-b549-4136-b8d2-451ac12f4c6e,318a48e4-e319-4383-ae18-b0665378545c,569ba142-88d5-4937-b0db-30065e7a3868,08cb3c8e-494a-4e4e-b6ff-ac3bcd19aa38,371c5d88-aa0b-448d-94bc-1d7355ed4882,NOISE,371c5d88-aa0b-448d-94bc-1d7355ed4882,NOISE,1.0,91.0,2026-02-16T22:46:05.806062+00:00,"{""ask_order_id"": ""08cb3c8e-494a-4e4e-b6ff-ac3bcd19aa38"", ""ask_trader_uuid"": ""371c5d88-aa0b-448d-94bc-1d7355ed4882"", ""bid_order_id"": ""569ba142-88d5-4937-b0db-30065e7a3868"", ""bid_trader_uuid"": ""371c5d88-aa0b-448d-94bc-1d7355ed4882"", ""id"": ""318a48e4-e319-4383-ae18-b0665378545c"", ""price"": 91.0, ""quantity"": 1.0, ""timestamp"": ""2026-02-16 22:46:05.806062+00:00"", ""trading_session_id"": ""20ce9b67-b549-4136-b8d2-451ac12f4c6e""}",1771281965.809429
20ce9b67-b549-4136-b8d2-451ac12f4c6e,7dc6c9fa-d0f3-4891-b0ec-504395af2a7e,d5b81e88-8069-4bc3-9c47-f09fbafcb2b0,c8d7fd1d-a798-4dc9-ab95-c14d6d175444,371c5d88-aa0b-448d-94bc-1d7355ed4882,NOISE,371c5d88-aa0b-448d-94bc-1d7355ed4882,NOISE,1.0,90.0,2026-02-16T22:46:06.210211+00:00,"{""ask_order_id"": ""c8d7fd1d-a798-4dc9-ab95-c14d6d175444"", ""ask_trader_uuid"": ""371c5d88-aa0b-448d-94bc-1d7355ed4882"", ""bid_order_id"": ""d5b81e88-8069-4bc3-9c47-f09fbafcb2b0"", ""bid_trader_uuid"": ""371c5d88-aa0b-448d-94bc-1d7355ed4882"", ""id"": ""7dc6c9fa-d0f3-4891-b0ec-504395af2a7e"", ""price"": 90.0, ""quantity"": 1.0, ""timestamp"": ""2026-02-16 22:46:06.210211+00:00"", ""trading_session_id"": ""20ce9b67-b549-4136-b8d2-451ac12f4c6e""}",1771281966.213692
20ce9b67-b549-4136-b8d2-451ac12f4c6e,98e819b2-7816-453c-9f19-de1b09d37946,cc6c82e6-95e7-4a41-bb94-0c931d145187,07612c1d-6e4d-4e1b-bd75-9606d0c05e59,371c5d88-aa0b-448d-94bc-1d7355ed4882,NOISE,371c5d88-aa0b-448d-94bc-1d7355ed4882,NOISE,1.0,86.0,2026-02-16T22:46:16.152224+00:00,"{""ask_order_id"": ""07612c1d-6e4d-4e1b-bd75-9606d0c05e59"", ""ask_trader_uuid"": ""371c5d88-aa0b-448d-94bc-1d7355ed4882"", ""bid_order_id"": ""cc6c82e6-95e7-4a41-bb94-0c931d145187"", ""bid_trader_uuid"": ""371c5d88-aa0b-448d-94bc-1d7355ed4882"", ""id"": ""98e819b2-7816-453c-9f19-de1b09d37946"", ""price"": 86.0, ""quantity"": 1.0, ""timestamp"": ""2026-02-16 22:46:16.152224+00:00"", ""trading_session_id"": ""20ce9b67-b549-4136-b8d2-451ac12f4c6e""}",1771281976.155633
20ce9b67-b549-4136-b8d2-451ac12f4c6e,216079ae-e3e3-41cf-81a5-ddac04a3e6e4,33da1fb2-f47b-4c25-8712-889709e12035,cbb7bb86-f47a-48f4-a5fd-36e03d93989b,371c5d88-aa0b-448d-94bc-1d7355ed4882,NOISE,371c5d88-aa0b-448d-94bc-1d7355ed4882,NOISE,1.0,106.0,2026-02-16T22:46:16.437580+00:00,"{""ask_order_id"": ""cbb7bb86-f47a-48f4-a5fd-36e03d93989b"", ""ask_trader_uuid"": ""371c5d88-aa0b-448d-94bc-1d7355ed4882"", ""bid_order_id"": ""33da1fb2-f47b-4c25-8712-889709e12035"", ""bid_trader_uuid"": ""371c5d88-aa0b-448d-94bc-1d7355ed4882"", ""id"": ""216079ae-e3e3-41cf-81a5-ddac04a3e6e4"", ""price"": 106.0, ""quantity"": 1.0, ""timestamp"": ""2026-02-16 22:46:16.437580+00:00"", ""trading_session_id"": ""20ce9b67-b549-4136-b8d2-451ac12f4c6e""}",1771281976.441012
20ce9b67-b549-4136-b8d2-451ac12f4c6e,82b53653-f1c8-4dc1-9f75-200b567888ef,ca3ab6a2-2adf-470f-a708-15eee63a7488,dbdd08a7-fcc7-4a21-a7d4-11854fbb8b43,371c5d88-aa0b-448d-94bc-1d7355ed4882,NOISE,371c5d88-aa0b-448d-94bc-1d7355ed4882,NOISE,1.0,83.0,2026-02-16T22:46:18.195910+00:00,"{""ask_order_id"": ""dbdd08a7-fcc7-4a21-a7d4-11854fbb8b43"", ""ask_trader_uuid"": ""371c5d88-aa0b-448d-94bc-1d7355ed4882"", ""bid_order_id"": ""ca3ab6a2-2adf-470f-a708-15eee63a7488"", ""bid_trader_uuid"": ""371c5d88-aa0b-448d-94bc-1d7355ed4882"", ""id"": ""82b53653-f1c8-4dc1-9f75-200b567888ef"", ""price"": 83.0, ""quantity"": 1.0, ""timestamp"": ""2026-02-16 22:46:18.195910+00:00"", ""trading_session_id"": ""20ce9b67-b549-4136-b8d2-451ac12f4c6e""}",1771281978.199596
20ce9b67-b549-4136-b8d2-451ac12f4c6e,3161913a-8fa9-4fac-b349-96a5a22f4ed5,fe2e6967-0b0f-4dff-8021-cf457918ac20,62f25f97-b443-4cea-95ff-53221ed254e1,371c5d88-aa0b-448d-94bc-1d7355ed4882,NOISE,371c5d88-aa0b-448d-94bc-1d7355ed4882,NOISE,1.0,81.0,2026-02-16T22:46:18.677256+00:00,"{""ask_order_id"": ""62f25f97-b443-4cea-95ff-53221ed254e1"", ""ask_trader_uuid"": ""371c5d88-aa0b-448d-94bc-1d7355ed4882"", ""bid_order_id"": ""fe2e6967-0b0f-4dff-8021-cf457918ac20"", ""bid_trader_uuid"": ""371c5d88-aa0b-448d-94bc-1d7355ed4882"", ""id"": ""3161913a-8fa9-4fac-b349-96a5a22f4ed5"", ""price"": 81.0, ""quantity"": 1.0, ""timestamp"": ""2026-02-16 22:46:18.677256+00:00"", ""trading_session_id"": ""20ce9b67-b549-4136-b8d2-451ac12f4c6e""}",1771281978.680739
20ce9b67-b549-4136-b8d2-451ac12f4c6e,fc6082ef-daf9-4067-8a05-4aa5ecb925d4,995a67e7-cf52-4e8a-9a28-79cc758fb780,42ac3b45-23b1-4164-9dac-2231d16fe1d1,371c5d88-aa0b-448d-94bc-1d7355ed4882,NOISE,371c5d88-aa0b-448d-94bc-1d7355ed4882,NOISE,1.0,106.0,2026-02-16T22:46:18.874211+00:00,"{""ask_order_id"": ""42ac3b45-23b1-4164-9dac-2231d16fe1d1"", ""ask_trader_uuid"": ""371c5d88-aa0b-448d-94bc-1d7355ed4882"", ""bid_order_id"": ""995a67e7-cf52-4e8a-9a28-79cc758fb780"", ""bid_trader_uuid"": ""371c5d88-aa0b-448d-94bc-1d7355ed4882"", ""id"": ""fc6082ef-daf9-4067-8a05-4aa5ecb925d4"", ""price"": 106.0, ""quantity"": 1.0, ""timestamp"": ""2026-02-16 22:46:18.874211+00:00"", ""trading_session_id"": ""20ce9b67-b549-4136-b8d2-451ac12f4c6e""}",1771281978.87779
20ce9b67-b549-4136-b8d2-451ac12f4c6e,a3210e31-a774-468c-b3d0-9b1086d2deeb,79b23daf-805a-4f78-b10b-8e27896d2500,669f2a94-43e9-4d3a-acef-56431d43914c,371c5d88-aa0b-448d-94bc-1d7355ed4882,NOISE,371c5d88-aa0b-448d-94bc-1d7355ed4882,NOISE,1.0,77.0,2026-02-16T22:46:19.308157+00:00,"{""ask_order_id"": ""669f2a94-43e9-4d3a-acef-56431d43914c"", ""ask_trader_uuid"": ""371c5d88-aa0b-448d-94bc-1d7355ed4882"", ""bid_order_id"": ""79b23daf-805a-4f78-b10b-8e27896d2500"", ""bid_trader_uuid"": ""371c5d88-aa0b-448d-94bc-1d7355ed4882"", ""id"": ""a3210e31-a774-468c-b3d0-9b1086d2deeb"", ""price"": 77.0, ""quantity"": 1.0, ""timestamp"": ""2026-02-16 22:46:19.308157+00:00"", ""trading_session_id"": ""20ce9b67-b549-4136-b8d2-451ac12f4c6e""}",1771281979.314593
20ce9b67-b549-4136-b8d2-451ac12f4c6e,1f01b51e-baff-4930-9b86-5e28c512e6c5,8aebe75e-1011-4adf-994b-bc66a9bdf40b,f5aa5beb-2ce1-4b78-bd2c-e04735028320,371c5d88-aa0b-448d-94bc-1d7355ed4882,NOISE,371c5d88-aa0b-448d-94bc-1d7355ed4882,NOISE,1.0,106.0,2026-02-16T22:46:28.609048+00:00,"{""ask_order_id"": ""f5aa5beb-2ce1-4b78-bd2c-e04735028320"", ""ask_trader_uuid"": ""371c5d88-aa0b-448d-94bc-1d7355ed4882"", ""bid_order_id"": ""8aebe75e-1011-4adf-994b-bc66a9bdf40b"", ""bid_trader_uuid"": ""371c5d88-aa0b-448d-94bc-1d7355ed4882"", ""id"": ""1f01b51e-baff-4930-9b86-5e28c512e6c5"", ""price"": 106.0, ""quantity"": 1.0, ""timestamp"": ""2026-02-16 22:46:28.609048+00:00"", ""trading_session_id"": ""20ce9b67-b549-4136-b8d2-451ac12f4c6e""}",1771281988.61258
20ce9b67-b549-4136-b8d2-451ac12f4c6e,0ff28e41-8a74-4fda-9eb4-ad8c5397512b,20a1a45c-4318-4dfc-9ae3-8b1e600dfdee,8ec82f75-4883-4685-a709-d1175a199899,371c5d88-aa0b-448d-94bc-1d7355ed4882,NOISE,371c5d88-aa0b-448d-94bc-1d7355ed4882,NOISE,1.0,106.0,2026-02-16T22:46:29.215744+00:00,"{""ask_order_id"": ""8ec82f75-4883-4685-a709-d1175a199899"", ""ask_trader_uuid"": ""371c5d88-aa0b-448d-94bc-1d7355ed4882"", ""bid_order_id"": ""20a1a45c-4318-4dfc-9ae3-8b1e600dfdee"", ""bid_trader_uuid"": ""371c5d88-aa0b-448d-94bc-1d7355ed4882"", ""id"": ""0ff28e41-8a74-4fda-9eb4-ad8c5397512b"", ""price"": 106.0, ""quantity"": 1.0, ""timestamp"": ""2026-02-16 22:46:29.215744+00:00"", ""trading_session_id"": ""20ce9b67-b549-4136-b8d2-451ac12f4c6e""}",1771281989.219281
20ce9b67-b549-4136-b8d2-451ac12f4c6e,997d6fee-aa35-497a-b428-83554366f9dc,e9ca4f05-ed00-4b43-a19e-95461b1400a1,6db1f129-21b3-48b4-a35e-26ccc560d01b,371c5d88-aa0b-448d-94bc-1d7355ed4882,NOISE,371c5d88-aa0b-448d-94bc-1d7355ed4882,NOISE,1.0,106.0,2026-02-16T22:46:32.563205+00:00,"{""ask_order_id"": ""6db1f129-21b3-48b4-a35e-26ccc560d01b"", ""ask_trader_uuid"": ""371c5d88-aa0b-448d-94bc-1d7355ed4882"", ""bid_order_id"": ""e9ca4f05-ed00-4b43-a19e-95461b1400a1"", ""bid_trader_uuid"": ""371c5d88-aa0b-448d-94bc-1d7355ed4882"", ""id"": ""997d6fee-aa35-497a-b428-83554366f9dc"", ""price"": 106.0, ""quantity"": 1.0, ""timestamp"": ""2026-02-16 22:46:32.563205+00:00"", ""trading_session_id"": ""20ce9b67-b549-4136-b8d2-451ac12f4c6e""}",1771281992.567166
20ce9b67-b549-4136-b8d2-451ac12f4c6e,abee55ab-e923-4128-bd57-868ff8b38de0,1d5fecff-6a25-4a67-b93a-58e9a2f96b9d,71686f97-752c-41e5-99a8-e9ef3f6c8b08,371c5d88-aa0b-448d-94bc-1d7355ed4882,NOISE,371c5d88-aa0b-448d-94bc-1d7355ed4882,NOISE,1.0,96.0,2026-02-16T22:46:33.644799+00:00,"{""ask_order_id"": ""71686f97-752c-41e5-99a8-e9ef3f6c8b08"", ""ask_trader_uuid"": ""371c5d88-aa0b-448d-94bc-1d7355ed4882"", ""bid_order_id"": ""1d5fecff-6a25-4a67-b93a-58e9a2f96b9d"", ""bid_trader_uuid"": ""371c5d88-aa0b-448d-94bc-1d7355ed4882"", ""id"": ""abee55ab-e923-4128-bd57-868ff8b38de0"", ""price"": 96.0, ""quantity"": 1.0, ""timestamp"": ""2026-02-16 22:46:33.644799+00:00"", ""trading_session_id"": ""20ce9b67-b549-4136-b8d2-451ac12f4c6e""}",1771281993.64822
20ce9b67-b549-4136-b8d2-451ac12f4c6e,69dd24be-d08f-40fd-a285-8665c5b0efac,32d0cb81-f3d6-4844-a500-a330e83690a8,d62362b6-87cc-4245-8b5d-9f3a0f608cd0,371c5d88-aa0b-448d-94bc-1d7355ed4882,NOISE,371c5d88-aa0b-448d-94bc-1d7355ed4882,NOISE,1.0,106.0,2026-02-16T22:46:36.790338+00:00,"{""ask_order_id"": ""d62362b6-87cc-4245-8b5d-9f3a0f608cd0"", ""ask_trader_uuid"": ""371c5d88-aa0b-448d-94bc-1d7355ed4882"", ""bid_order_id"": ""32d0cb81-f3d6-4844-a500-a330e83690a8"", ""bid_trader_uuid"": ""371c5d88-aa0b-448d-94bc-1d7355ed4882"", ""id"": ""69dd24be-d08f-40fd-a285-8665c5b0efac"", ""price"": 106.0, ""quantity"": 1.0, ""timestamp"": ""2026-02-16 22:46:36.790338+00:00"", ""trading_session_id"": ""20ce9b67-b549-4136-b8d2-451ac12f4c6e""}",1771281996.794368
20ce9b67-b549-4136-b8d2-451ac12f4c6e,94a972ab-2af3-4e79-9c94-6da883be4ada,05e0577f-399e-4c21-8eb0-3e67d153863e,2f91dcaa-614c-45ae-82a6-e02af3283744,371c5d88-aa0b-448d-94bc-1d7355ed4882,NOISE,371c5d88-aa0b-448d-94bc-1d7355ed4882,NOISE,1.0,107.0,2026-02-16T22:46:44.210935+00:00,"{""ask_order_id"": ""2f91dcaa-614c-45ae-82a6-e02af3283744"", ""ask_trader_uuid"": ""371c5d88-aa0b-448d-94bc-1d7355ed4882"", ""bid_order_id"": ""05e0577f-399e-4c21-8eb0-3e67d153863e"", ""bid_trader_uuid"": ""371c5d88-aa0b-448d-94bc-1d7355ed4882"", ""id"": ""94a972ab-2af3-4e79-9c94-6da883be4ada"", ""price"": 107.0, ""quantity"": 1.0, ""timestamp"": ""2026-02-16 22:46:44.210935+00:00"", ""trading_session_id"": ""20ce9b67-b549-4136-b8d2-451ac12f4c6e""}",1771282004.214571
20ce9b67-b549-4136-b8d2-451ac12f4c6e,b302393b-f887-4e01-b4f8-f1804bccf482,9c4cee05-9d70-4909-a5e1-de4c48995eaa,7f94dc68-a4a9-4adb-9af1-dc17b4d430ae,371c5d88-aa0b-448d-94bc-1d7355ed4882,NOISE,371c5d88-aa0b-448d-94bc-1d7355ed4882,NOISE,1.0,107.0,2026-02-16T22:46:45.157206+00:00,"{""ask_order_id"": ""7f94dc68-a4a9-4adb-9af1-dc17b4d430ae"", ""ask_trader_uuid"": ""371c5d88-aa0b-448d-94bc-1d7355ed4882"", ""bid_order_id"": ""9c4cee05-9d70-4909-a5e1-de4c48995eaa"", ""bid_trader_uuid"": ""371c5d88-aa0b-448d-94bc-1d7355ed4882"", ""id"": ""b302393b-f887-4e01-b4f8-f1804bccf482"", ""price"": 107.0, ""quantity"": 1.0, ""timestamp"": ""2026-02-16 22:46:45.157206+00:00"", ""trading_session_id"": ""20ce9b67-b549-4136-b8d2-451ac12f4c6e""}",1771282005.161967
20ce9b67-b549-4136-b8d2-451ac12f4c6e,618755b6-6bf1-4ccf-a7bc-ebf707919f2d,c4409e35-3ae4-4d06-9f0f-3c2b0f2218a4,64b9aee2-5ffe-468f-aca5-62333a5b5ccc,371c5d88-aa0b-448d-94bc-1d7355ed4882,NOISE,371c5d88-aa0b-448d-94bc-1d7355ed4882,NOISE,1.0,108.0,2026-02-16T22:46:48.282077+00:00,"{""ask_order_id"": ""64b9aee2-5ffe-468f-aca5-62333a5b5ccc"", ""ask_trader_uuid"": ""371c5d88-aa0b-448d-94bc-1d7355ed4882"", ""bid_order_id"": ""c4409e35-3ae4-4d06-9f0f-3c2b0f2218a4"", ""bid_trader_uuid"": ""371c5d88-aa0b-448d-94bc-1d7355ed4882"", ""id"": ""618755b6-6bf1-4ccf-a7bc-ebf707919f2d"", ""price"": 108.0, ""quantity"": 1.0, ""timestamp"": ""2026-02-16 22:46:48.282077+00:00"", ""trading_session_id"": ""20ce9b67-b549-4136-b8d2-451ac12f4c6e""}",1771282008.285465
20ce9b67-b549-4136-b8d2-451ac12f4c6e,a9b74f21-e7fc-4f42-80e6-be2c32a675a0,aed91f94-f2ae-401c-aea3-b3dba09ac6a9,80e59803-593f-4fb1-8cf9-2eafc5e003f3,371c5d88-aa0b-448d-94bc-1d7355ed4882,NOISE,371c5d88-aa0b-448d-94bc-1d7355ed4882,NOISE,1.0,96.0,2026-02-16T22:46:56.910923+00:00,"{""ask_order_id"": ""80e59803-593f-4fb1-8cf9-2eafc5e003f3"", ""ask_trader_uuid"": ""371c5d88-aa0b-448d-94bc-1d7355ed4882"", ""bid_order_id"": ""aed91f94-f2ae-401c-aea3-b3dba09ac6a9"", ""bid_trader_uuid"": ""371c5d88-aa0b-448d-94bc-1d7355ed4882"", ""id"": ""a9b74f21-e7fc-4f42-80e6-be2c32a675a0"", ""price"": 96.0, ""quantity"": 1.0, ""timestamp"": ""2026-02-16 22:46:56.910923+00:00"", ""trading_session_id"": ""20ce9b67-b549-4136-b8d2-451ac12f4c6e""}",1771282016.915461
20ce9b67-b549-4136-b8d2-451ac12f4c6e,6029de97-5890-4210-9787-f26f8c7de2a3,c5c16bca-a93e-439d-b80a-bdad61cfe635,6b8770ba-1aac-4843-b579-f715af8ccbac,371c5d88-aa0b-448d-94bc-1d7355ed4882,NOISE,371c5d88-aa0b-448d-94bc-1d7355ed4882,NOISE,1.0,95.0,2026-02-16T22:47:00.177486+00:00,"{""ask_order_id"": ""6b8770ba-1aac-4843-b579-f715af8ccbac"", ""ask_trader_uuid"": ""371c5d88-aa0b-448d-94bc-1d7355ed4882"", ""bid_order_id"": ""c5c16bca-a93e-439d-b80a-bdad61cfe635"", ""bid_trader_uuid"": ""371c5d88-aa0b-448d-94bc-1d7355ed4882"", ""id"": ""6029de97-5890-4210-9787-f26f8c7de2a3"", ""price"": 95.0, ""quantity"": 1.0, ""timestamp"": ""2026-02-16 22:47:00.177486+00:00"", ""trading_session_id"": ""20ce9b67-b549-4136-b8d2-451ac12f4c6e""}",1771282020.181952
20ce9b67-b549-4136-b8d2-451ac12f4c6e,36bdb205-ba4e-4c2a-bc7f-1b7d9d71f8cf,2923549a-aab0-4b32-87d2-6a934fb9cd60,1856832d-4814-4051-b4bc-1e4780e07ec5,371c5d88-aa0b-448d-94bc-1d7355ed4882,NOISE,371c5d88-aa0b-448d-94bc-1d7355ed4882,NOISE,1.0,108.0,2026-02-16T22:47:01.466878+00:00,"{""ask_order_id"": ""1856832d-4814-4051-b4bc-1e4780e07ec5"", ""ask_trader_uuid"": ""371c5d88-aa0b-448d-94bc-1d7355ed4882"", ""bid_order_id"": ""2923549a-aab0-4b32-87d2-6a934fb9cd60"", ""bid_trader_uuid"": ""371c5d88-aa0b-448d-94bc-1d7355ed4882"", ""id"": ""36bdb205-ba4e-4c2a-bc7f-1b7d9d71f8cf"", ""price"": 108.0, ""quantity"": 1.0, ""timestamp"": ""2026-02-16 22:47:01.466878+00:00"", ""trading_session_id"": ""20ce9b67-b549-4136-b8d2-451ac12f4c6e""}",1771282021.470555
20ce9b67-b549-4136-b8d2-451ac12f4c6e,b69612d5-9b0b-4a58-8c76-649873f48ae3,4624f4f0-a6fc-4f83-ba0e-94439d254552,20b7991b-4096-477c-b12b-87daa6791984,371c5d88-aa0b-448d-94bc-1d7355ed4882,NOISE,371c5d88-aa0b-448d-94bc-1d7355ed4882,NOISE,1.0,94.0,2026-02-16T22:47:02.683433+00:00,"{""ask_order_id"": ""20b7991b-4096-477c-b12b-87daa6791984"", ""ask_trader_uuid"": ""371c5d88-aa0b-448d-94bc-1d7355ed4882"", ""bid_order_id"": ""4624f4f0-a6fc-4f83-ba0e-94439d254552"", ""bid_trader_uuid"": ""371c5d88-aa0b-448d-94bc-1d7355ed4882"", ""id"": ""b69612d5-9b0b-4a58-8c76-649873f48ae3"", ""price"": 94.0, ""quantity"": 1.0, ""timestamp"": ""2026-02-16 22:47:02.683433+00:00"", ""trading_session_id"": ""20ce9b67-b549-4136-b8d2-451ac12f4c6e""}",1771282022.686722
20ce9b67-b549-4136-b8d2-451ac12f4c6e,c88af79f-3ba1-4595-a708-cfe741c98a23,0d650d9a-a865-4e05-a0c5-dbf245a4142c,fd07c7b8-fad9-4a05-b19a-1731303e6c2b,371c5d88-aa0b-448d-94bc-1d7355ed4882,NOISE,371c5d88-aa0b-448d-94bc-1d7355ed4882,NOISE,1.0,93.0,2026-02-16T22:47:04.056813+00:00,"{""ask_order_id"": ""fd07c7b8-fad9-4a05-b19a-1731303e6c2b"", ""ask_trader_uuid"": ""371c5d88-aa0b-448d-94bc-1d7355ed4882"", ""bid_order_id"": ""0d650d9a-a865-4e05-a0c5-dbf245a4142c"", ""bid_trader_uuid"": ""371c5d88-aa0b-448d-94bc-1d7355ed4882"", ""id"": ""c88af79f-3ba1-4595-a708-cfe741c98a23"", ""price"": 93.0, ""quantity"": 1.0, ""timestamp"": ""2026-02-16 22:47:04.056813+00:00"", ""trading_session_id"": ""20ce9b67-b549-4136-b8d2-451ac12f4c6e""}",1771282024.060064
20ce9b67-b549-4136-b8d2-451ac12f4c6e,01390570-7d47-4e7a-94e3-3b8298a75b53,dda94ee0-51ad-469c-a4e5-f8c572b5b683,b78a0ce7-2331-45cf-925f-bdc6c5139478,371c5d88-aa0b-448d-94bc-1d7355ed4882,NOISE,371c5d88-aa0b-448d-94bc-1d7355ed4882,NOISE,1.0,91.0,2026-02-16T22:47:07.016324+00:00,"{""ask_order_id"": ""b78a0ce7-2331-45cf-925f-bdc6c5139478"", ""ask_trader_uuid"": ""371c5d88-aa0b-448d-94bc-1d7355ed4882"", ""bid_order_id"": ""dda94ee0-51ad-469c-a4e5-f8c572b5b683"", ""bid_trader_uuid"": ""371c5d88-aa0b-448d-94bc-1d7355ed4882"", ""id"": ""01390570-7d47-4e7a-94e3-3b8298a75b53"", ""price"": 91.0, ""quantity"": 1.0, ""timestamp"": ""2026-02-16 22:47:07.016324+00:00"", ""trading_session_id"": ""20ce9b67-b549-4136-b8d2-451ac12f4c6e""}",1771282027.019992
20ce9b67-b549-4136-b8d2-451ac12f4c6e,a652b14f-7358-48f8-8064-9951058dfbb9,495bfcf3-2a0c-4001-be19-92a0a2c4ca2e,87a30c7e-191d-45fb-974a-ec6ef1449af1,371c5d88-aa0b-448d-94bc-1d7355ed4882,NOISE,371c5d88-aa0b-448d-94bc-1d7355ed4882,NOISE,1.0,85.0,2026-02-16T22:47:07.486879+00:00,"{""ask_order_id"": ""87a30c7e-191d-45fb-974a-ec6ef1449af1"", ""ask_trader_uuid"": ""371c5d88-aa0b-448d-94bc-1d7355ed4882"", ""bid_order_id"": ""495bfcf3-2a0c-4001-be19-92a0a2c4ca2e"", ""bid_trader_uuid"": ""371c5d88-aa0b-448d-94bc-1d7355ed4882"", ""id"": ""a652b14f-7358-48f8-8064-9951058dfbb9"", ""price"": 85.0, ""quantity"": 1.0, ""timestamp"": ""2026-02-16 22:47:07.486879+00:00"", ""trading_session_id"": ""20ce9b67-b549-4136-b8d2-451ac12f4c6e""}",1771282027.496647
20ce9b67-b549-4136-b8d2-451ac12f4c6e,57111ff7-b385-45b5-9fb6-f8418bcc7684,fef8a8ec-772c-40fa-8ac9-281d330347fe,c1cb4027-6963-4fe3-887a-d0298fba1f7d,371c5d88-aa0b-448d-94bc-1d7355ed4882,NOISE,371c5d88-aa0b-448d-94bc-1d7355ed4882,NOISE,1.0,108.0,2026-02-16T22:47:08.360961+00:00,"{""ask_order_id"": ""c1cb4027-6963-4fe3-887a-d0298fba1f7d"", ""ask_trader_uuid"": ""371c5d88-aa0b-448d-94bc-1d7355ed4882"", ""bid_order_id"": ""fef8a8ec-772c-40fa-8ac9-281d330347fe"", ""bid_trader_uuid"": ""371c5d88-aa0b-448d-94bc-1d7355ed4882"", ""id"": ""57111ff7-b385-45b5-9fb6-f8418bcc7684"", ""price"": 108.0, ""quantity"": 1.0, ""timestamp"": ""2026-02-16 22:47:08.360961+00:00"", ""trading_session_id"": ""20ce9b67-b549-4136-b8d2-451ac12f4c6e""}",1771282028.364142
20ce9b67-b549-4136-b8d2-451ac12f4c6e,bcadab4c-c23c-4be7-8a49-ed6127a8e0c1,8b519136-ed53-4b26-b0c0-9db97360a797,324af599-1e0d-41e0-8418-780225057a88,371c5d88-aa0b-448d-94bc-1d7355ed4882,NOISE,371c5d88-aa0b-448d-94bc-1d7355ed4882,NOISE,1.0,98.0,2026-02-16T22:47:13.636064+00:00,"{""ask_order_id"": ""324af599-1e0d-41e0-8418-780225057a88"", ""ask_trader_uuid"": ""371c5d88-aa0b-448d-94bc-1d7355ed4882"", ""bid_order_id"": ""8b519136-ed53-4b26-b0c0-9db97360a797"", ""bid_trader_uuid"": ""371c5d88-aa0b-448d-94bc-1d7355ed4882"", ""id"": ""bcadab4c-c23c-4be7-8a49-ed6127a8e0c1"", ""price"": 98.0, ""quantity"": 1.0, ""timestamp"": ""2026-02-16 22:47:13.636064+00:00"", ""trading_session_id"": ""20ce9b67-b549-4136-b8d2-451ac12f4c6e""}",1771282033.641851
